ID_Actor,Macro_grupo,Tipo_actor,Ciudad,Región,Completitud,DE global,Prop. modal Imp,Prop. modal Rel,Longstring Imp,Longstring Rel,Qi_completitud,Qi_variabilidad,Qi_no_straightlining,Qi_no_longstring,Índice Qi,Duplicado de,Coincidencia máx. con otra respuesta,Casi duplicado de,Marca temporal repetida,Motivo exclusión,Decisión
A001,Academia/Conocimiento,Investigador (a) en el Área de la Innovación,Sincelejo,Caribe,1.0,0.9712590411051966,0.7303370786516854,0.3595505617977528,27,5,1.0,0.9712590411051966,0.5393258426966292,0.696629213483146,0.8018035243212429,,0.0,,,,CONSERVAR
A002,Academia/Conocimiento,Investigador (a) en el Área de la Innovación,Medellín,Andina,1.0,0.6562378612323606,0.6853932584269663,0.43820224719101125,11,9,1.0,0.6562378612323606,0.6292134831460674,0.8764044943820225,0.7904639596901126,,0.23,,,,CONSERVAR
A003,Intermediación/Regulación,Representante Instituciones de Financiamiento MIPYMES (Pública - Privada - Mixta),Sincelejo,Caribe,1.0,1.0309284322212149,0.42696629213483145,0.550561797752809,4,5,1.0,1.0,0.898876404494382,0.9438202247191011,0.9606741573033708,,0.371,,,,CONSERVAR
A004,Productivos,Proveedor (a),Montería,Caribe,1.0,0.7557729742953057,0.4943820224719101,0.4606741573033708,8,8,1.0,0.7557729742953057,1.0,0.9101123595505618,0.9164713334614669,,0.427,,,,CONSERVAR
A005,Intermediación/Regulación,Representante de ONGs/Confederación/Asociación de Consumidores/Usuarios,Sincelejo,Caribe,1.0,0.7248173899966052,0.5168539325842697,0.5393258426966292,6,6,1.0,0.7248173899966052,0.9213483146067416,0.9325842696629214,0.894687493566567,,0.416,,,,CONSERVAR
A006,Intermediación/Regulación,Representante Gremial / Asociaciones - Sector Alimentos,Cereté,Caribe,1.0,0.6573252086192721,0.5955056179775281,0.550561797752809,6,6,1.0,0.6573252086192721,0.8089887640449438,0.9325842696629214,0.8497245605817845,,0.376,,,,CONSERVAR
A007,Intermediación/Regulación,Representante Gremial / Asociaciones - Sector Alimentos,Barranquilla,Caribe,1.0,0.6889871051990576,0.4943820224719101,0.4943820224719101,9,8,1.0,0.6889871051990576,1.0,0.898876404494382,0.8969658774233599,,0.5,,,,CONSERVAR
A008,Productivos,Empresario (a),Sincelejo,Caribe,1.0,0.9684937105055298,0.8314606741573034,0.4606741573033708,14,5,1.0,0.9684937105055298,0.3370786516853932,0.8426966292134832,0.7870672478511016,,0.483,,,,CONSERVAR
A009,Intermediación/Regulación,Consultor (a) en el Área de la Innovación,Bogotá D.C.,Andina,1.0,1.1398162607895674,0.42696629213483145,0.34831460674157305,5,5,1.0,1.0,1.0,0.9438202247191011,0.9859550561797753,,0.393,,,,CONSERVAR
A010,Intermediación/Regulación,Representante Instituciones de Financiamiento MIPYMES (Pública - Privada - Mixta),Sincelejo,Caribe,1.0,0.8472681182129795,0.5056179775280899,0.5168539325842697,7,5,1.0,0.8472681182129795,0.9662921348314606,0.9213483146067416,0.9337271419127955,,0.449,,,,CONSERVAR
A011,Intermediación/Regulación,"Representante Organizaciones de Apoyo  (Pública - Privada - Mixta)- (Secretarias, Organismos, Comités, Programas)",Sincelejo,Caribe,1.0,1.1920300729378837,0.8089887640449438,0.5168539325842697,17,5,1.0,1.0,0.3820224719101124,0.8089887640449438,0.797752808988764,,0.455,,,,CONSERVAR
A012,Intermediación/Regulación,Consultor (a) en el Área de la Innovación,Bogotá D.C.,Andina,1.0,0.8176037217812965,0.6404494382022472,0.5842696629213483,7,6,1.0,0.8176037217812965,0.7191011235955056,0.9213483146067416,0.864513289995886,,0.416,,,,CONSERVAR
A013,Intermediación/Regulación,"Representante Organizaciones de Apoyo  (Pública - Privada - Mixta)- (Secretarias, Organismos, Comités, Programas)",Rionegro,Andina,1.0,1.0010627248401107,0.550561797752809,0.3146067415730337,8,3,1.0,1.0,0.898876404494382,0.9101123595505618,0.952247191011236,,0.438,,,,CONSERVAR
A014,Intermediación/Regulación,Representante Instituciones de Financiamiento MIPYMES (Pública - Privada - Mixta),Sincelejo,Caribe,1.0,0.856711991896698,0.34831460674157305,0.42696629213483145,6,6,1.0,0.856711991896698,1.0,0.9325842696629214,0.9473240653899049,,0.376,,,,CONSERVAR
A015,Academia/Conocimiento,Director (a)/Representante de Programa de Pregrado/Maestría o Doctorado - Área de la Innovación/Alimentos,Cartagena,Caribe,1.0,0.5841002567058429,0.8089887640449438,0.7415730337078652,21,8,1.0,0.5841002567058429,0.3820224719101124,0.7640449438202247,0.682541918109045,,0.579,,,,CONSERVAR
A016,Intermediación/Regulación,"Representante Organizaciones de Apoyo  (Pública - Privada - Mixta)- (Secretarias, Organismos, Comités, Programas)",Bogotá D.C.,Andina,1.0,0.772224616037602,0.7528089887640449,0.449438202247191,21,11,1.0,0.772224616037602,0.4943820224719102,0.7640449438202247,0.7576628955824343,,0.567,,,,CONSERVAR
A017,Intermediación/Regulación,Representante Instituciones de Financiamiento MIPYMES (Pública - Privada - Mixta),Barranquilla,Caribe,1.0,1.0164176333741388,0.3707865168539326,0.3707865168539326,4,4,1.0,1.0,1.0,0.9550561797752809,0.9887640449438202,,0.393,,,,CONSERVAR
A018,Intermediación/Regulación,Representante de ONGs/Confederación/Asociación de Consumidores/Usuarios,Barranquilla,Caribe,1.0,1.4069230572599574,0.4044943820224719,0.3146067415730337,5,4,1.0,1.0,1.0,0.9438202247191011,0.9859550561797753,,0.348,,,,CONSERVAR
A019,Academia/Conocimiento,Director (a)/Representante de Programa de Pregrado/Maestría o Doctorado - Área de la Innovación/Alimentos,Riohacha,Caribe,1.0,0.6172574765501119,0.651685393258427,0.5842696629213483,9,11,1.0,0.6172574765501119,0.696629213483146,0.8764044943820225,0.79757279610382,,0.466,,,,CONSERVAR
A020,Academia/Conocimiento,Director (a)/Representante de Programa de Pregrado/Maestría o Doctorado - Área de la Innovación/Alimentos,Sincelejo,Caribe,1.0,0.5836653751142696,0.5955056179775281,0.48314606741573035,5,7,1.0,0.5836653751142696,0.8089887640449438,0.9213483146067416,0.8285006134414887,,0.528,,,,CONSERVAR
A021,Intermediación/Regulación,Representante Gremial / Asociaciones - Sector Alimentos,Montería,Caribe,1.0,0.8562672931945849,0.4044943820224719,0.3707865168539326,8,8,1.0,0.8562672931945849,1.0,0.9101123595505618,0.9415949131862866,,0.382,,,,CONSERVAR
A022,Productivos,Empresario (a),Bogotá D.C.,Andina,1.0,0.9990950008863226,0.6853932584269663,0.6629213483146067,13,13,1.0,0.9990950008863226,0.6292134831460674,0.8539325842696629,0.8705602670755132,,0.607,,,,CONSERVAR
A023,Academia/Conocimiento,Investigador (a) en el Área de la Innovación,Barranquilla,Caribe,1.0,0.8039016455055582,0.5056179775280899,0.47191011235955055,7,5,1.0,0.8039016455055582,0.9887640449438202,0.9213483146067416,0.9285035012640299,,0.433,,,,CONSERVAR
A024,Academia/Conocimiento,Investigador (a) en el Área de la Innovación,Barranquilla,Caribe,1.0,0.8613121928674731,0.5056179775280899,0.4157303370786517,13,6,1.0,0.8613121928674731,0.9887640449438202,0.8539325842696629,0.9260022055202389,,0.5,,,,CONSERVAR
A025,Intermediación/Regulación,Consultor (a) en el Área de la Innovación,Medellín,Andina,1.0,1.097960112924319,0.7528089887640449,0.48314606741573035,17,6,1.0,1.0,0.4943820224719102,0.8089887640449438,0.8258426966292136,,0.506,,,,CONSERVAR
A026,Intermediación/Regulación,Consultor (a) en el Área de la Innovación,Sincelejo,Caribe,1.0,1.150583798560125,0.8426966292134831,0.38202247191011235,21,5,1.0,1.0,0.3146067415730338,0.7640449438202247,0.7696629213483146,,0.517,,,,CONSERVAR
A027,Productivos,Empresario (a),Bogotá D.C.,Andina,1.0,0.8512111378462005,0.38202247191011235,0.38202247191011235,5,5,1.0,0.8512111378462005,1.0,0.9438202247191011,0.9487578406413254,,0.326,,,,CONSERVAR
A028,Intermediación/Regulación,"Representante Organizaciones de Apoyo  (Pública - Privada - Mixta)- (Secretarias, Organismos, Comités, Programas)",Bogotá D.C.,Andina,1.0,1.056578813341501,0.38202247191011235,0.47191011235955055,5,6,1.0,1.0,1.0,0.9325842696629214,0.9831460674157304,,0.365,,,,CONSERVAR
A029,Intermediación/Regulación,Representante Gremial / Asociaciones - Sector Alimentos,Pereira,Andina,1.0,0.9434765012097127,0.4044943820224719,0.39325842696629215,8,5,1.0,0.9434765012097127,1.0,0.9101123595505618,0.9633972151900687,,0.433,,,,CONSERVAR
A030,Academia/Conocimiento,Director (a)/Representante de Programa de Pregrado/Maestría o Doctorado - Área de la Innovación/Alimentos,Sincelejo,Caribe,1.0,0.7267634467958277,0.47191011235955055,0.5393258426966292,7,6,1.0,0.7267634467958277,0.9213483146067416,0.9213483146067416,0.8923650190023278,,0.444,,,,CONSERVAR
A031,Academia/Conocimiento,Director (a)/Representante de Programa de Pregrado/Maestría o Doctorado - Área de la Innovación/Alimentos,Envigado,Andina,1.0,0.9844212785197642,0.797752808988764,0.5168539325842697,22,17,1.0,0.9844212785197642,0.404494382022472,0.752808988764045,0.7854311623265704,,0.556,,,,CONSERVAR
A032,Academia/Conocimiento,Investigador (a) en el Área de la Innovación,Barranquilla,Caribe,1.0,0.4089086040049186,0.9101123595505618,0.8089887640449438,32,14,1.0,0.4089086040049186,0.1797752808988764,0.6404494382022472,0.5572833307765106,,0.747,,,DE < 0.5; straightlining en Importancia,EXCLUIR
A033,Intermediación/Regulación,Representante Instituciones de Financiamiento MIPYMES (Pública - Privada - Mixta),Achí,Caribe,1.0,1.593695523762057,0.9550561797752809,0.38202247191011235,75,5,1.0,1.0,0.0898876404494382,0.1573033707865169,0.5617977528089888,,0.517,,,straightlining en Importancia,EXCLUIR
A034,Intermediación/Regulación,Representante Instituciones de Financiamiento MIPYMES (Pública - Privada - Mixta),Sincelejo,Caribe,1.0,0.6980716335636603,0.5955056179775281,0.5168539325842697,6,9,1.0,0.6980716335636603,0.8089887640449438,0.898876404494382,0.8514842005257465,,0.494,,,,CONSERVAR
A035,Productivos,Proveedor (a),Bogotá D.C.,Andina,1.0,1.546913387073094,0.7303370786516854,0.29213483146067415,24,3,1.0,1.0,0.5393258426966292,0.7303370786516854,0.8174157303370786,,0.478,,,,CONSERVAR
A036,Intermediación/Regulación,Representante de ONGs/Confederación/Asociación de Consumidores/Usuarios,Sincelejo,Caribe,1.0,1.3256738990939796,0.34831460674157305,0.29213483146067415,4,4,1.0,1.0,1.0,0.9550561797752809,0.9887640449438202,,0.303,,,,CONSERVAR
A037,Academia/Conocimiento,Director (a)/Repreentante/Integrante de Grupo de Investigación/Innovación,Bogotá D.C.,Andina,1.0,1.203543826643714,0.8202247191011236,0.47191011235955055,21,7,1.0,1.0,0.3595505617977528,0.7640449438202247,0.7808988764044944,,0.596,,,,CONSERVAR
A038,Productivos,Empresario (a),Bogotá D.C.,Andina,1.0,1.3892263497436506,0.3258426966292135,0.3258426966292135,5,5,1.0,1.0,1.0,0.9438202247191011,0.9859550561797753,,0.309,,,,CONSERVAR
A039,Productivos,Empresario (a),Bogotá D.C.,Andina,1.0,0.9628568180570615,0.5730337078651685,0.38202247191011235,11,7,1.0,0.9628568180570615,0.853932584269663,0.8764044943820225,0.9232984741771868,,0.444,,,,CONSERVAR
A040,Intermediación/Regulación,Representante de ONGs/Confederación/Asociación de Consumidores/Usuarios,Bogotá D.C.,Andina,1.0,1.1557995207716962,0.5168539325842697,0.34831460674157305,6,4,1.0,1.0,0.9662921348314606,0.9325842696629214,0.9747191011235956,,0.427,,,,CONSERVAR
A041,Productivos,Empresario (a),Bogotá D.C.,Andina,1.0,0.8881632017332716,0.6179775280898876,0.4606741573033708,7,5,1.0,0.8881632017332716,0.7640449438202248,0.9213483146067416,0.8933891150400595,,0.478,,,,CONSERVAR
A042,Academia/Conocimiento,Director (a)/Repreentante/Integrante de Grupo de Investigación/Innovación,Sincelejo,Caribe,1.0,0.7946689638714632,0.4943820224719101,0.5393258426966292,6,6,1.0,0.7946689638714632,0.9213483146067416,0.9325842696629214,0.9121503870352816,,0.427,,,,CONSERVAR
A043,Academia/Conocimiento,Director (a)/Repreentante/Integrante de Grupo de Investigación/Innovación,Medellín,Andina,1.0,1.0322822051808878,0.5393258426966292,0.39325842696629215,6,4,1.0,1.0,0.9213483146067416,0.9325842696629214,0.9634831460674158,,0.421,,,,CONSERVAR
A044,Intermediación/Regulación,Representante Instituciones de Financiamiento MIPYMES (Pública - Privada - Mixta),Cartagena,Caribe,1.0,1.0521837828440832,0.4044943820224719,0.3595505617977528,4,6,1.0,1.0,1.0,0.9325842696629214,0.9831460674157304,,0.382,,,,CONSERVAR
A045,Productivos,Empresario (a),Bogotá D.C.,Andina,1.0,0.7705787816516035,0.4943820224719101,0.449438202247191,7,6,1.0,0.7705787816516035,1.0,0.9213483146067416,0.9229817740645863,,0.494,,,,CONSERVAR
A046,Productivos,Empresario (a),Bogotá D.C.,Andina,1.0,0.9192117102288925,0.47191011235955055,0.47191011235955055,5,5,1.0,0.9192117102288925,1.0,0.9438202247191011,0.9657579837369984,,0.433,,,,CONSERVAR
A047,Productivos,Empresario (a),Bogotá D.C.,Andina,1.0,0.545754550092683,0.8314606741573034,0.5955056179775281,17,7,1.0,0.545754550092683,0.3370786516853932,0.8089887640449438,0.672955491455755,,0.556,,,,CONSERVAR
A048,Productivos,Empresario (a),Bogotá D.C.,Andina,1.0,0.5147787324678983,0.9101123595505618,0.8089887640449438,53,48,1.0,0.5147787324678983,0.1797752808988764,0.4044943820224719,0.5247620988473116,,0.674,,,straightlining en Importancia,EXCLUIR
A049,Productivos,Proveedor (a),Bogotá D.C.,Andina,1.0,0.5152717566273228,0.797752808988764,0.7078651685393258,17,11,1.0,0.5152717566273228,0.404494382022472,0.8089887640449438,0.6821887256736847,,0.68,,,,CONSERVAR
A050,Productivos,Proveedor (a),Bogotá D.C.,Andina,1.0,0.5675362352107163,0.8426966292134831,0.5842696629213483,15,10,1.0,0.5675362352107163,0.3146067415730338,0.8314606741573034,0.6784009127352634,,0.652,,,,CONSERVAR
A051,Productivos,Proveedor (a),Bogotá D.C.,Andina,1.0,0.5152409564386087,0.5168539325842697,0.797752808988764,11,11,1.0,0.5152409564386087,0.404494382022472,0.8764044943820225,0.6990349582107758,,0.601,,,,CONSERVAR
A052,Productivos,Proveedor (a),Bogotá D.C.,Andina,1.0,0.5605585265970183,0.7191011235955056,0.6741573033707865,20,21,1.0,0.5605585265970183,0.5617977528089888,0.7640449438202247,0.721600305806558,,0.663,,,,CONSERVAR
A053,Productivos,Proveedor (a),Bogotá D.C.,Andina,1.0,0.6031351257722668,0.7752808988764045,0.5842696629213483,21,23,1.0,0.6031351257722668,0.449438202247191,0.7415730337078652,0.6985365904318307,,0.573,,,,CONSERVAR
A054,Productivos,Empresario (a),Bogotá D.C.,Andina,1.0,0.7552898576019538,0.6067415730337079,0.6404494382022472,7,8,1.0,0.7552898576019538,0.7191011235955056,0.9101123595505618,0.8461258351870053,,0.601,,,,CONSERVAR
A055,Productivos,Empresario (a),Bogotá D.C.,Andina,1.0,0.3484328437182754,0.7415730337078652,0.9775280898876404,32,61,1.0,0.3484328437182754,0.04494382022471921,0.3146067415730337,0.4269958513790071,,0.775,,,DE < 0.5; straightlining en Relevancia,EXCLUIR
A056,Productivos,Empresario (a),Bogotá D.C.,Andina,1.0,0.5128018957600039,0.7865168539325843,0.7191011235955056,21,13,1.0,0.5128018957600039,0.4269662921348314,0.7640449438202247,0.675953282928765,,0.708,,,,CONSERVAR
A057,Intermediación/Regulación,Representante de ONGs/Confederación/Asociación de Consumidores/Usuarios,Sincelejo,Caribe,1.0,0.7146746499391621,0.4943820224719101,0.5617977528089888,6,6,1.0,0.7146746499391621,0.8764044943820224,0.9325842696629214,0.8809158534960264,,0.966,A005,,casi idéntica a A005 (97%),EXCLUIR
A058,Academia/Conocimiento,Director (a)/Representante de Programa de Pregrado/Maestría o Doctorado - Área de la Innovación/Alimentos,Sincelejo,Caribe,1.0,0.6797344898582474,0.550561797752809,0.48314606741573035,5,7,1.0,0.6797344898582474,0.898876404494382,0.9213483146067416,0.8749898022398428,,0.961,A020,,casi idéntica a A020 (96%),EXCLUIR
A059,Academia/Conocimiento,Director (a)/Representante de Programa de Pregrado/Maestría o Doctorado - Área de la Innovación/Alimentos,Sincelejo,Caribe,1.0,0.7600445683156957,0.43820224719101125,0.5168539325842697,7,6,1.0,0.7600445683156957,0.9662921348314606,0.9213483146067416,0.9119212544384745,,0.966,A030,,casi idéntica a A030 (97%),EXCLUIR
A060,Academia/Conocimiento,Director (a)/Repreentante/Integrante de Grupo de Investigación/Innovación,Sincelejo,Caribe,1.0,0.7946689638714632,0.4943820224719101,0.5393258426966292,6,6,1.0,0.7946689638714632,0.9213483146067416,0.9325842696629214,0.9121503870352816,A042,1.0,,,duplicado de A042,EXCLUIR
A061,Academia/Conocimiento,Investigador (a) en el Área de la Innovación,Sincelejo,Caribe,1.0,0.9712590411051966,0.7303370786516854,0.3595505617977528,27,5,1.0,0.9712590411051966,0.5393258426966292,0.696629213483146,0.8018035243212429,A001,1.0,,,duplicado de A001,EXCLUIR
